gap_id,message,requirement,source,structure,xml_owner,xml_qname,xml_path,required_engine_capability,notes
OP22_GAPS_REVIEWED.csv:4,P.SP.02.MSG.001,REQ 13,"Table 34, п.13",R.IP.SP.02.002,ipsdo:IPPartyKindCode,ipsdo:IPPartyKindCode,ipsdo:IPPartyKindCode,conditional filtering of repeated instances,значение реквизита «Код вида участника отношений в сфере регистрации и использования прав на объекты интеллектуальной собственности» (ipsdo:IPPartyKindCode) должно соответствовать значению «AP» – «зая
OP22_GAPS_REVIEWED.csv:5,P.SP.02.MSG.001,REQ 14,"Table 34, п.14",R.IP.SP.02.002,ipcdo:IPPartyDetails,ipcdo:IPPartyDetails; ipsdo:IPPartyKindCode,ipcdo:IPPartyDetails; ipsdo:IPPartyKindCode,cardinality after predicate,"в электронном документе (сведениях) «Сведения о заявке, ходатайстве для прохождения процедур регистрации ТЗ Союза» (R.IP.SP.02.002) должен быть заполнен 1 экземпляр реквизита «Участник отношений в сфе"
OP22_GAPS_REVIEWED.csv:6,P.SP.02.MSG.001,REQ 15,"Table 34, п.15",R.IP.SP.02.002,ipcdo:IPPartyDetails,ipcdo:IPPartyDetails; ipsdo:IPPartyKindCode; csdo:UnifiedCountryCode; ipsdo:IPSubjectName,ipcdo:IPPartyDetails; ipsdo:IPPartyKindCode; csdo:UnifiedCountryCode; ipsdo:IPSubjectName,conditional filtering of repeated instances,если в составе реквизита «Участник отношений в сфере регистрации и использования прав на объекты интеллектуальной собственности» (ipcdo:IPPartyDetails) значение реквизита «Код вида участника отношений
OP22_GAPS_REVIEWED.csv:7,P.SP.02.MSG.001,REQ 16,"Table 34, п.16",R.IP.SP.02.002,ipcdo:IPPartyDetails,ipcdo:IPPartyDetails; ipsdo:IPPartyKindCode; ipsdo:IPSubjectName,ipcdo:IPPartyDetails; ipsdo:IPPartyKindCode; ipsdo:IPSubjectName,conditional filtering of repeated instances,если в составе реквизита «Участник отношений в сфере регистрации и использования прав на объекты интеллектуальной собственности» (ipcdo:IPPartyDetails) значение реквизита «Код вида участника отношений
OP22_GAPS_REVIEWED.csv:8,P.SP.02.MSG.001,REQ 17,"Table 34, п.17",R.IP.SP.02.002,ipcdo:IPPartyDetails,ipcdo:IPPartyDetails; ipsdo:IPPartyKindCode; ipsdo:IPSubjectName,ipcdo:IPPartyDetails; ipsdo:IPPartyKindCode; ipsdo:IPSubjectName,conditional filtering of repeated instances,если в составе реквизита «Участник отношений в сфере регистрации и использования прав на объекты интеллектуальной собственности» (ipcdo:IPPartyDetails) значение реквизита «Код вида участника отношений
OP22_GAPS_REVIEWED.csv:9,P.SP.02.MSG.001,REQ 18,"Table 34, п.18",R.IP.SP.02.002,ipcdo:IPPartyDetails,ipcdo:IPPartyDetails; ipsdo:IPPartyKindCode; ipsdo:IPSubjectName,ipcdo:IPPartyDetails; ipsdo:IPPartyKindCode; ipsdo:IPSubjectName,conditional filtering of repeated instances,если в составе реквизита «Участник отношений в сфере регистрации и использования прав на объекты интеллектуальной собственности» (ipcdo:IPPartyDetails) значение реквизита «Код вида участника отношений
OP22_GAPS_REVIEWED.csv:10,P.SP.02.MSG.001,REQ 19,"Table 34, п.19",R.IP.SP.02.002,ipcdo:IPPartyDetails,ipcdo:IPPartyDetails; ipsdo:IPPartyKindCode; ipsdo:IPSubjectName,ipcdo:IPPartyDetails; ipsdo:IPPartyKindCode; ipsdo:IPSubjectName,conditional filtering of repeated instances,если в составе реквизита «Участник отношений в сфере регистрации и использования прав на объекты интеллектуальной собственности» (ipcdo:IPPartyDetails) значение реквизита «Код вида участника отношений
OP22_GAPS_REVIEWED.csv:11,P.SP.02.MSG.001,REQ 20,"Table 34, п.20",R.IP.SP.02.002,ipcdo:IPPartyDetails,ipcdo:IPPartyDetails; ipsdo:IPPartyKindCode; ccdo:SubjectAddressDetails; csdo:AddressKindCode,ipcdo:IPPartyDetails; ipsdo:IPPartyKindCode; ccdo:SubjectAddressDetails; csdo:AddressKindCode,conditional filtering of repeated instances,если в составе реквизита «Участник отношений в сфере регистрации и использования прав на объекты интеллектуальной собственности» (ipcdo:IPPartyDetails) значение реквизита «Код вида участника отношений
OP22_GAPS_REVIEWED.csv:12,P.SP.02.MSG.001,REQ 21,"Table 34, п.21",R.IP.SP.02.002,ipcdo:IPPartyDetails,ipcdo:IPPartyDetails; ipsdo:IPPartyKindCode; csdo:UnifiedCountryCode; ipsdo:IPSubjectName,ipcdo:IPPartyDetails; ipsdo:IPPartyKindCode; csdo:UnifiedCountryCode; ipsdo:IPSubjectName,conditional filtering of repeated instances,если в состав электронного документа (сведений) включен экземпляр реквизита «Участник отношений в сфере регистрации и использования прав на объекты интеллектуальной собственности» (ipcdo:IPPartyDetail
OP22_GAPS_REVIEWED.csv:13,P.SP.02.MSG.001,REQ 22,"Table 34, п.22",R.IP.SP.02.002,ipcdo:IPPartyDetails,ipcdo:IPPartyDetails; ipsdo:IPPartyKindCode; csdo:UnifiedCountryCode; ipsdo:IPSubjectName,ipcdo:IPPartyDetails; ipsdo:IPPartyKindCode; csdo:UnifiedCountryCode; ipsdo:IPSubjectName,conditional filtering of repeated instances,если в состав электронного документа (сведений) включен экземпляр реквизита «Участник отношений в сфере регистрации и использования прав на объекты интеллектуальной собственности» (ipcdo:IPPartyDetail
OP22_GAPS_REVIEWED.csv:14,P.SP.02.MSG.001,REQ 26,"Table 34, п.26",R.IP.SP.02.002,ipcdo:TrademarkApplicationDetails,ipcdo:TrademarkApplicationDetails; ipcdo:TrademarkDetails; ipsdo:TrademarkKindCode; ipsdo:TrademarkKindName,ipcdo:TrademarkApplicationDetails; ipcdo:TrademarkDetails; ipsdo:TrademarkKindCode; ipsdo:TrademarkKindName,disjunction,"в составе реквизита «Заявка на товарный знак Союза (ходатайство, жалоба)» (ipcdo:TrademarkApplicationDetails), в составе реквизита «Товарный знак Союза» (ipcdo:TrademarkDetails) значение реквизита «Ко"
OP22_GAPS_REVIEWED.csv:15,P.SP.02.MSG.001,REQ 27,"Table 34, п.27",R.IP.SP.02.002,ipcdo:TrademarkDetails,ipcdo:TrademarkDetails; ipsdo:TrademarkKindCode; ipsdo:TrademarkKindName; ipsdo:TrademarkColourName,ipcdo:TrademarkDetails; ipsdo:TrademarkKindCode; ipsdo:TrademarkKindName; ipsdo:TrademarkColourName,conditional filtering of repeated instances,если в составе реквизита «Товарный знак Союза» (ipcdo:TrademarkDetails) значение реквизита «Код вида товарного знака» (ipsdo:TrademarkKindCode) или реквизита «Наименование вида товарного знака» (ipsdo
OP22_GAPS_REVIEWED.csv:16,P.SP.02.MSG.001,REQ 32,"Table 34, п.32",R.IP.SP.02.002,ipcdo:TrademarkPriorityDetails,ipcdo:TrademarkPriorityDetails; ipsdo:PriorityKindCode,ipcdo:TrademarkPriorityDetails; ipsdo:PriorityKindCode,conditional filtering of repeated instances,"если в состав электронного документа (сведений) включен и заполнен экземпляр реквизита «Приоритет товарного знака Союза» (ipcdo:TrademarkPriorityDetails), то значение реквизита «Код вида приоритета то"
OP22_GAPS_REVIEWED.csv:17,P.SP.02.MSG.001,REQ 33,"Table 34, п.33",R.IP.SP.02.002,ipcdo:AccompanyingDocumentsDetails,ipcdo:AccompanyingDocumentsDetails; ipsdo:IPDocKindCode; ipsdo:IPDocKindName; csdo:DocId,ipcdo:AccompanyingDocumentsDetails; ipsdo:IPDocKindCode; ipsdo:IPDocKindName; csdo:DocId,conditional filtering of repeated instances,"если в состав электронного документа (сведений) включен экземпляр реквизита «Прилагаемый документ» (ipcdo:AccompanyingDocumentsDetails), то в составе такого экземпляра реквизита должны быть заполнены "
OP22_GAPS_REVIEWED.csv:20,P.SP.02.MSG.003,REQ 18,"Table 35/36/37, п.18",R.010,ipcdo:TrademarkDetails,ipcdo:TrademarkDetails; ipsdo:CollectiveMarkIndicator; ipcdo:IPPartyDetails; ipsdo:IPPartyKindCode,ipcdo:TrademarkDetails; ipsdo:CollectiveMarkIndicator; ipcdo:IPPartyDetails; ipsdo:IPPartyKindCode,conditional filtering of repeated instances,если в составе реквизита «Товарный знак Союза» (ipcdo:TrademarkDetails) значение реквизита «Признак коллективного знака» (ipsdo:CollectiveMarkIndicator) соответствует значению «1» – «товарный знак явл
OP22_GAPS_REVIEWED.csv:21,P.SP.02.MSG.003,REQ 19,"Table 35/36/37, п.19",R.010,ipcdo:TrademarkDetails,ipcdo:TrademarkDetails; ipsdo:CollectiveMarkIndicator; ipcdo:AccompanyingDocumentsDetails; ipsdo:IPDocKindCode,ipcdo:TrademarkDetails; ipsdo:CollectiveMarkIndicator; ipcdo:AccompanyingDocumentsDetails; ipsdo:IPDocKindCode,conditional filtering of repeated instances,если в составе реквизита «Товарный знак Союза» (ipcdo:TrademarkDetails) значение реквизита «Признак коллективного знака» (ipsdo:CollectiveMarkIndicator) соответствует значению «1» – «товарный знак явл
OP22_GAPS_REVIEWED.csv:26,P.SP.02.MSG.005,REQ 33,"Table 39, п.33",R.IP.SP.02.002,ipcdo:ArgumentDetails,ipcdo:ArgumentDetails; csdo:DescriptionText; csdo:EventDate,ipcdo:ArgumentDetails; csdo:DescriptionText; csdo:EventDate,conditional filtering of repeated instances,в составе ipcdo:ArgumentDetails должны быть заполнены csdo:DescriptionText и csdo:EventDate
OP22_GAPS_REVIEWED.csv:29,P.SP.02.MSG.007,REQ 2,"Table 41, п.2",R.IP.SP.02.002,ipsdo:IPDocKindCode,ipsdo:IPDocKindCode; ipsdo:IPDocKindName,ipsdo:IPDocKindCode; ipsdo:IPDocKindName,conditional filtering of repeated instances,"при наличии вида документа «Другие документы, подтверждающие правомочность требования установления приоритета более раннего, чем дата подачи заявки на товарный знак (знак обслуживания) Евразийского эк"
OP22_GAPS_REVIEWED.csv:30,P.SP.02.MSG.007,REQ 3,"Table 41, п.3",R.IP.SP.02.002,ipsdo:IPDocKindCode,ipsdo:IPDocKindCode; ipsdo:IPDocKindName,ipsdo:IPDocKindCode; ipsdo:IPDocKindName,conditional filtering of repeated instances,"при отсутствии указанного вида документа ipsdo:IPDocKindCode не заполняется, ipsdo:IPDocKindName заполняется указанным наименованием"
OP22_GAPS_REVIEWED.csv:31,P.SP.02.MSG.009,REQ 2,"Table 42, п.2",R.IP.SP.02.002,ipsdo:IPDocKindCode,ipsdo:IPDocKindCode; ipsdo:IPDocKindName,ipsdo:IPDocKindCode; ipsdo:IPDocKindName,conditional filtering of repeated instances,"при наличии соответствующего вида документа о преобразовании заявки в национальную заявку ipsdo:IPDocKindCode заполняется его кодом, ipsdo:IPDocKindName не заполняется"
OP22_GAPS_REVIEWED.csv:32,P.SP.02.MSG.009,REQ 3,"Table 42, п.3",R.IP.SP.02.002,ipsdo:IPDocKindCode,ipsdo:IPDocKindCode; ipsdo:IPDocKindName,ipsdo:IPDocKindCode; ipsdo:IPDocKindName,conditional filtering of repeated instances,"при отсутствии соответствующего вида документа ipsdo:IPDocKindCode не заполняется, ipsdo:IPDocKindName заполняется нормативным наименованием ходатайства"
OP22_GAPS_REVIEWED.csv:33,P.SP.02.MSG.010,REQ 2,"Table 43, п.2",R.IP.SP.02.002,ipsdo:IPDocKindCode,ipsdo:IPDocKindCode; ipsdo:IPDocKindName,ipsdo:IPDocKindCode; ipsdo:IPDocKindName,conditional filtering of repeated instances,"при наличии вида документа о преобразовании заявки на коллективный знак Союза в заявку на ТЗ Союза ipsdo:IPDocKindCode заполняется кодом, ipsdo:IPDocKindName не заполняется"
OP22_GAPS_REVIEWED.csv:34,P.SP.02.MSG.010,REQ 3,"Table 43, п.3",R.IP.SP.02.002,ipsdo:IPDocKindCode,ipsdo:IPDocKindCode; ipsdo:IPDocKindName,ipsdo:IPDocKindCode; ipsdo:IPDocKindName,conditional filtering of repeated instances,"при отсутствии такого вида документа ipsdo:IPDocKindCode не заполняется, ipsdo:IPDocKindName заполняется нормативным наименованием ходатайства"
OP22_GAPS_REVIEWED.csv:35,P.SP.02.MSG.011,REQ 2,"Table 44, п.2",R.IP.SP.02.002,ipsdo:IPDocKindCode,ipsdo:IPDocKindCode; ipsdo:IPDocKindName,ipsdo:IPDocKindCode; ipsdo:IPDocKindName,conditional filtering of repeated instances,"при наличии вида документа о преобразовании заявки на ТЗ Союза в заявку на коллективный знак Союза ipsdo:IPDocKindCode заполняется кодом, ipsdo:IPDocKindName не заполняется"
OP22_GAPS_REVIEWED.csv:36,P.SP.02.MSG.011,REQ 3,"Table 44, п.3",R.IP.SP.02.002,ipsdo:IPDocKindCode,ipsdo:IPDocKindCode; ipsdo:IPDocKindName,ipsdo:IPDocKindCode; ipsdo:IPDocKindName,conditional filtering of repeated instances,"при отсутствии такого вида документа ipsdo:IPDocKindCode не заполняется, ipsdo:IPDocKindName заполняется нормативным наименованием ходатайства"
OP22_GAPS_REVIEWED.csv:42,P.SP.02.MSG.012,REQ 16,"Таблица 45/34, п.16 (R.IP.SP.02.002)",R.IP.SP.02.002,ipcdo:TrademarkApplicationDetails,ipcdo:TrademarkApplicationDetails,ipcdo:TrademarkApplicationDetails,positional/ordinal access,"Requires ordinal positional indexing of multiple IPSubjectName instances within a repeatable parent, which is unsupported by the engine."
OP22_GAPS_REVIEWED.csv:43,P.SP.02.MSG.012,REQ 17,"Таблица 45/34, п.17 (R.IP.SP.02.002)",R.IP.SP.02.002,ipcdo:TrademarkApplicationDetails,ipcdo:TrademarkApplicationDetails,ipcdo:TrademarkApplicationDetails,positional/ordinal access,"Requires ordinal positional indexing of multiple IPSubjectName instances within a repeatable parent, which is unsupported by the engine."
OP22_GAPS_REVIEWED.csv:44,P.SP.02.MSG.012,REQ 18,"Таблица 45/34, п.18 (R.IP.SP.02.002)",R.IP.SP.02.002,ipcdo:TrademarkApplicationDetails,ipcdo:TrademarkApplicationDetails,ipcdo:TrademarkApplicationDetails,positional/ordinal access,"Requires ordinal positional indexing of multiple IPSubjectName instances within a repeatable parent, which is unsupported by the engine."
OP22_GAPS_REVIEWED.csv:45,P.SP.02.MSG.012,REQ 19,"Таблица 45/34, п.19 (R.IP.SP.02.002)",R.IP.SP.02.002,ipcdo:TrademarkApplicationDetails,ipcdo:TrademarkApplicationDetails,ipcdo:TrademarkApplicationDetails,positional/ordinal access,"Requires ordinal positional indexing of multiple IPSubjectName instances within a repeatable parent, which is unsupported by the engine."
OP22_GAPS_REVIEWED.csv:46,P.SP.02.MSG.012,REQ 20,"Таблица 45/34, п.20 (R.IP.SP.02.002)",R.IP.SP.02.002,ipcdo:TrademarkApplicationDetails,ipcdo:TrademarkApplicationDetails,ipcdo:TrademarkApplicationDetails,positional/ordinal access,"Requires ordinal positional indexing of multiple IPSubjectName instances within a repeatable parent, which is unsupported by the engine."
OP22_GAPS_REVIEWED.csv:48,P.SP.02.MSG.013,REQ 2,"Table 46, п.2",R.IP.SP.02.002,ipsdo:IPDocKindCode,ipsdo:IPDocKindCode; ipsdo:IPDocKindName,ipsdo:IPDocKindCode; ipsdo:IPDocKindName,conditional filtering of repeated instances,"при наличии вида документа «Ходатайство об отзыве заявки ... (по инициативе заявителя)» ipsdo:IPDocKindCode заполняется кодом, ipsdo:IPDocKindName не заполняется"
OP22_GAPS_REVIEWED.csv:49,P.SP.02.MSG.013,REQ 3,"Table 46, п.3",R.IP.SP.02.002,ipsdo:IPDocKindCode,ipsdo:IPDocKindCode; ipsdo:IPDocKindName,ipsdo:IPDocKindCode; ipsdo:IPDocKindName,conditional filtering of repeated instances,"при отсутствии указанного вида документа ipsdo:IPDocKindCode не заполняется, ipsdo:IPDocKindName заполняется нормативным наименованием ходатайства"
OP22_GAPS_REVIEWED.csv:50,P.SP.02.MSG.014,REQ 2,"Table 47, п.2",R.IP.SP.02.002,ipcdo:TrademarkApplicationDetails,ipsdo:TrademarkApplicationId; ipcdo:IPEntityStatusDetails/csdo:StatusCode; ipcdo:IPEntityStatusDetails/csdo:StartDateTime,ipcdo:TrademarkApplicationDetails/ipsdo:TrademarkApplicationId; ipcdo:TrademarkApplicationDetails/ipcdo:IPEntityStatusDetails/csdo:StatusCode,conditional filtering of repeated instances,"в ресурсах Комиссии должна существовать активная запись заявки со статусом «01» или «02», у которой совокупность TrademarkApplicationId, StatusCode и StartDateTime совпадает с изменяемыми сведениями"
OP22_GAPS_REVIEWED.csv:52,P.SP.02.MSG.014,REQ 5,"Table 47, п.5",R.IP.SP.02.002,ipsdo:IPDocKindCode,ipsdo:IPDocKindCode; ipsdo:IPDocKindName,ipsdo:IPDocKindCode; ipsdo:IPDocKindName,conditional filtering of repeated instances,"при отсутствии соответствующего вида ходатайства ipsdo:IPDocKindCode не заполняется, ipsdo:IPDocKindName заполняется соответствующим нормативным наименованием"
OP22_GAPS_REVIEWED.csv:53,P.SP.02.MSG.014,REQ 30,"Table 47, п.30",R.IP.SP.02.002,ipcdo:AccompanyingDocumentsDetails,ipcdo:AccompanyingDocumentsDetails; ipsdo:IPDocKindCode; ipsdo:IPPartyKindCode,ipcdo:AccompanyingDocumentsDetails/ipsdo:IPDocKindCode; ipcdo:IPPartyDetails/ipsdo:IPPartyKindCode,conditional filtering of repeated instances,"если вид документа соответствует ходатайству об изменениях, связанных с передачей или переходом права на заявку, и IPPartyKindCode = «AS», в AccompanyingDocumentsDetails должна быть хотя бы одна запис"
OP22_GAPS_REVIEWED.csv:57,P.SP.02.MSG.020,REQ 3,"Table 53, п.3",R.IP.SP.02.007,ipcdo:GoodsBaseDetails,ipcdo:GoodsBaseDetails; ipsdo:CancellationStatusIndicator; ipcdo:UnifiedRegisterRecordsDetails,ipcdo:GoodsBaseDetails/ipsdo:CancellationStatusIndicator; ipcdo:UnifiedRegisterRecordsDetails,positional/ordinal access,"Если CancellationStatusIndicator хотя бы для одного GoodsBaseDetails = «1», должен быть второй экземпляр с регистрацией нового ТЗ Союза."
OP22_GAPS_REVIEWED.csv:58,P.SP.02.MSG.021,REQ 22,"Table 54, п.22",R.IP.SP.02.007,ipcdo:IPDocumentDetails,csdo:DocValidityDate,ipcdo:IPDocumentDetails/csdo:DocValidityDate,conditional filtering of repeated instances,"Все прежние DocValidityDate должны совпадать со значениями сообщения, кроме одного нового значения."
OP22_GAPS_REVIEWED.csv:59,P.SP.02.MSG.021,REQ 23,"Table 54, п.23",R.IP.SP.02.007,ipcdo:IPDocumentDetails,csdo:DocValidityDate,ipcdo:IPDocumentDetails/csdo:DocValidityDate,conditional filtering of repeated instances,Новое DocValidityDate должно быть больше остальных DocValidityDate в сообщении.
OP22_GAPS_REVIEWED.csv:60,P.SP.02.MSG.024,REQ 2,"Table 56, п.2",R.IP.SP.02.008,ipcdo:AccompanyingDocumentsDetails,ipcdo:AccompanyingDocumentsDetails; ipsdo:ApellationOfOriginApplicationId,ipcdo:AccompanyingDocumentsDetails; ipsdo:ApellationOfOriginApplicationId,conditional filtering of repeated instances,ipcdo:AccompanyingDocumentsDetails и ipsdo:ApellationOfOriginApplicationId не заполняются.
OP22_GAPS_REVIEWED.csv:65,P.SP.02.MSG.027,REQ 16,"Table 57, п.16",R.IP.SP.02.002,ipcdo:IPPartyDetails,ipsdo:IPSubjectName,ipcdo:IPPartyDetails/ipsdo:IPSubjectName,conditional filtering of repeated instances,Requires AP-scoped correlation to repeated IPSubjectName attributes.
OP22_GAPS_REVIEWED.csv:66,P.SP.02.MSG.027,REQ 17,"Table 57, п.17",R.IP.SP.02.002,ipcdo:IPPartyDetails,ipsdo:IPSubjectName,ipcdo:IPPartyDetails/ipsdo:IPSubjectName,cardinality after predicate,Requires per-AP filtered cardinality over repeated IPSubjectName plus attributes.
OP22_GAPS_REVIEWED.csv:67,P.SP.02.MSG.027,REQ 18,"Table 57, п.18",R.IP.SP.02.002,ipcdo:IPPartyDetails,ipsdo:IPSubjectName; csdo:LanguageCode,ipcdo:IPPartyDetails/ipsdo:IPSubjectName; ipcdo:IPPartyDetails/ipsdo:IPSubjectName/csdo:LanguageCode,positional/ordinal access,Requires AP-scoped languageCode=RU second-instance semantics.
OP22_GAPS_REVIEWED.csv:68,P.SP.02.MSG.027,REQ 19,"Table 57, п.19",R.IP.SP.02.002,ipcdo:IPPartyDetails,ipsdo:IPSubjectName; csdo:LanguageCode,ipcdo:IPPartyDetails/ipsdo:IPSubjectName; ipcdo:IPPartyDetails/ipsdo:IPSubjectName/csdo:LanguageCode,positional/ordinal access,Requires AP-scoped languageCode!=RU second-instance LA semantics.
OP22_GAPS_REVIEWED.csv:69,P.SP.02.MSG.027,REQ 20,"Table 57, п.20",R.IP.SP.02.002,ipcdo:IPPartyDetails,ccdo:SubjectAddressDetails; csdo:AddressKindCode,ipcdo:IPPartyDetails/ccdo:SubjectAddressDetails/csdo:AddressKindCode,conditional filtering of repeated instances,Requires AP role correlated with nested repeated SubjectAddressDetails.
OP22_GAPS_REVIEWED.csv:76,P.SP.02.MSG.028,REQ 18,"Table 44, п.18",R.IP.SP.02.002,ipcdo:IPPartyDetails,ipsdo:IPSubjectName; csdo:LanguageCode,ipcdo:IPPartyDetails/ipsdo:IPSubjectName; ipcdo:IPPartyDetails/ipsdo:IPSubjectName/csdo:LanguageCode,positional/ordinal access,Requires AP-scoped languageCode=RU second-instance semantics.
OP22_GAPS_REVIEWED.csv:77,P.SP.02.MSG.028,REQ 19,"Table 44, п.19",R.IP.SP.02.002,ipcdo:IPPartyDetails,ipsdo:IPSubjectName; csdo:LanguageCode,ipcdo:IPPartyDetails/ipsdo:IPSubjectName; ipcdo:IPPartyDetails/ipsdo:IPSubjectName/csdo:LanguageCode,positional/ordinal access,Requires AP-scoped languageCode!=RU second-instance LA semantics.
OP22_GAPS_REVIEWED.csv:85,P.SP.02.MSG.029,REQ 16,"Table 45, п.16",R.IP.SP.02.002,ipcdo:IPPartyDetails,ipsdo:IPSubjectName,ipcdo:IPPartyDetails/ipsdo:IPSubjectName,conditional filtering of repeated instances,Requires AP-scoped correlation to repeated IPSubjectName representation attributes.
OP22_GAPS_REVIEWED.csv:86,P.SP.02.MSG.029,REQ 17,"Table 45, п.17",R.IP.SP.02.002,ipcdo:IPPartyDetails,ipsdo:IPSubjectName,ipcdo:IPPartyDetails/ipsdo:IPSubjectName,cardinality after predicate,Requires per-AP filtered cardinality over repeated IPSubjectName plus representation/language attributes.
OP22_GAPS_REVIEWED.csv:87,P.SP.02.MSG.029,REQ 18,"Table 45, п.18",R.IP.SP.02.002,ipcdo:IPPartyDetails,ipsdo:IPSubjectName; csdo:LanguageCode,ipcdo:IPPartyDetails/ipsdo:IPSubjectName; ipcdo:IPPartyDetails/ipsdo:IPSubjectName/csdo:LanguageCode,positional/ordinal access,Requires AP-scoped languageCode=RU second-instance semantics.
OP22_GAPS_REVIEWED.csv:88,P.SP.02.MSG.029,REQ 19,"Table 45, п.19",R.IP.SP.02.002,ipcdo:IPPartyDetails,ipsdo:IPSubjectName; csdo:LanguageCode,ipcdo:IPPartyDetails/ipsdo:IPSubjectName; ipcdo:IPPartyDetails/ipsdo:IPSubjectName/csdo:LanguageCode,positional/ordinal access,Requires AP-scoped languageCode!=RU second-instance LA semantics.
OP22_GAPS_REVIEWED.csv:89,P.SP.02.MSG.029,REQ 20,"Table 45, п.20",R.IP.SP.02.002,ipcdo:IPPartyDetails,ccdo:SubjectAddressDetails; csdo:AddressKindCode,ipcdo:IPPartyDetails/ccdo:SubjectAddressDetails/csdo:AddressKindCode,conditional filtering of repeated instances,Requires AP role correlated with nested SubjectAddressDetails semantics beyond the current safe selector model.
OP22_GAPS_REVIEWED.csv:90,P.SP.02.MSG.029,REQ 26,"Table 45, п.26",R.IP.SP.02.002,ipcdo:TrademarkDetails,ipsdo:TrademarkKindCode; ipsdo:TrademarkKindName,ipcdo:TrademarkDetails/ipsdo:TrademarkKindCode; ipcdo:TrademarkDetails/ipsdo:TrademarkKindName,disjunction,Original Table44 REQ26 is written as TrademarkKindCode OR TrademarkKindName matching the listed values. The current evaluator has no direct disjunctive comparison assertion for a repeated TrademarkDet
OP22_GAPS_REVIEWED.csv:91,P.SP.02.MSG.029,REQ 30,"Table 45, п.30",R.IP.SP.02.002,ipcdo:GoodsBaseDetails,ipsdo:TrademarkRegistrationCode; ipsdo:TrademarkDecisionIndicator,ipcdo:TrademarkApplicationDetails/ipsdo:TrademarkRegistrationCode; ipcdo:GoodsBaseDetails/ipsdo:TrademarkDecisionIndicator,cardinality after predicate,"Requires conditional filtered cardinality: for TrademarkRegistrationCode=01, count GoodsBaseDetails with TrademarkDecisionIndicator=0 must be zero."
OP22_GAPS_REVIEWED.csv:92,P.SP.02.MSG.029,REQ 31,"Table 45, п.31",R.IP.SP.02.002,ipcdo:GoodsBaseDetails,ipsdo:TrademarkRegistrationCode; ipsdo:TrademarkDecisionIndicator,ipcdo:TrademarkApplicationDetails/ipsdo:TrademarkRegistrationCode; ipcdo:GoodsBaseDetails/ipsdo:TrademarkDecisionIndicator,cardinality after predicate,"Requires conditional filtered cardinality: for TrademarkRegistrationCode in {02,03}, at least one GoodsBaseDetails with TrademarkDecisionIndicator=0 must exist."
OP22_GAPS_REVIEWED.csv:98,P.SP.02.MSG.030,REQ 16,"Table 46, п.16",R.IP.SP.02.002,ipcdo:IPPartyDetails,ipsdo:IPSubjectName,ipcdo:IPPartyDetails/ipsdo:IPSubjectName,conditional filtering of repeated instances,Requires AP-scoped correlation to repeated IPSubjectName representation attributes.
OP22_GAPS_REVIEWED.csv:99,P.SP.02.MSG.030,REQ 17,"Table 46, п.17",R.IP.SP.02.002,ipcdo:IPPartyDetails,ipsdo:IPSubjectName,ipcdo:IPPartyDetails/ipsdo:IPSubjectName,cardinality after predicate,Requires per-AP filtered cardinality over repeated IPSubjectName plus representation/language attributes.
OP22_GAPS_REVIEWED.csv:100,P.SP.02.MSG.030,REQ 18,"Table 46, п.18",R.IP.SP.02.002,ipcdo:IPPartyDetails,ipsdo:IPSubjectName; csdo:LanguageCode,ipcdo:IPPartyDetails/ipsdo:IPSubjectName; ipcdo:IPPartyDetails/ipsdo:IPSubjectName/csdo:LanguageCode,positional/ordinal access,Requires AP-scoped languageCode=RU second-instance semantics.
OP22_GAPS_REVIEWED.csv:101,P.SP.02.MSG.030,REQ 19,"Table 46, п.19",R.IP.SP.02.002,ipcdo:IPPartyDetails,ipsdo:IPSubjectName; csdo:LanguageCode,ipcdo:IPPartyDetails/ipsdo:IPSubjectName; ipcdo:IPPartyDetails/ipsdo:IPSubjectName/csdo:LanguageCode,positional/ordinal access,Requires AP-scoped languageCode!=RU second-instance LA semantics.
OP22_GAPS_REVIEWED.csv:102,P.SP.02.MSG.030,REQ 20,"Table 46, п.20",R.IP.SP.02.002,ipcdo:IPPartyDetails,ccdo:SubjectAddressDetails; csdo:AddressKindCode,ipcdo:IPPartyDetails/ccdo:SubjectAddressDetails/csdo:AddressKindCode,conditional filtering of repeated instances,Requires AP-role correlation with nested repeated SubjectAddressDetails semantics beyond the current safe selector model.
OP22_GAPS_REVIEWED.csv:103,P.SP.02.MSG.030,REQ 26,"Table 46, п.26",R.IP.SP.02.002,ipcdo:TrademarkDetails,ipsdo:TrademarkKindCode; ipsdo:TrademarkKindName,ipcdo:TrademarkDetails/ipsdo:TrademarkKindCode; ipcdo:TrademarkDetails/ipsdo:TrademarkKindName,disjunction,Table44 REQ26 is explicitly TrademarkKindCode OR TrademarkKindName matching one of the listed kinds. The current evaluator cannot assert that disjunctive comparison per TrademarkDetails without streng
OP22_GAPS_REVIEWED.csv:109,P.SP.02.MSG.031,REQ 16,"Таблица 48, п.16 (R.IP.SP.02.002)",R.010,ipcdo:UnifiedRegisterRecordsDetails,ipcdo:UnifiedRegisterRecordsDetails; ipcdo:GoodsBaseDetails,ipcdo:UnifiedRegisterRecordsDetails; ipcdo:GoodsBaseDetails,cardinality after predicate,Original Table44 requirement needs AP-scoped correlation/cardinality across nested repeated values that the current evaluator cannot express exactly.
OP22_GAPS_REVIEWED.csv:110,P.SP.02.MSG.031,REQ 17,"Таблица 48, п.17 (R.IP.SP.02.002)",R.010,ipcdo:UnifiedRegisterRecordsDetails,ipcdo:UnifiedRegisterRecordsDetails; ipcdo:GoodsBaseDetails,ipcdo:UnifiedRegisterRecordsDetails; ipcdo:GoodsBaseDetails,cardinality after predicate,Original Table44 requirement needs AP-scoped correlation/cardinality across nested repeated values that the current evaluator cannot express exactly.
OP22_GAPS_REVIEWED.csv:111,P.SP.02.MSG.031,REQ 18,"Таблица 48, п.18 (R.IP.SP.02.002)",R.010,ipcdo:IPPartyDetails,ipsdo:IPSubjectName; csdo:LanguageCode,ipcdo:IPPartyDetails/ipsdo:IPSubjectName; ipcdo:IPPartyDetails/ipsdo:IPSubjectName/csdo:LanguageCode,positional/ordinal access,Original Table44 requirement needs AP-scoped correlation/cardinality across nested repeated values that the current evaluator cannot express exactly.
OP22_GAPS_REVIEWED.csv:112,P.SP.02.MSG.031,REQ 19,"Таблица 48, п.19 (R.IP.SP.02.002)",R.010,ipcdo:IPPartyDetails,ipsdo:IPSubjectName; csdo:LanguageCode,ipcdo:IPPartyDetails/ipsdo:IPSubjectName; ipcdo:IPPartyDetails/ipsdo:IPSubjectName/csdo:LanguageCode,positional/ordinal access,Original Table44 requirement needs AP-scoped correlation/cardinality across nested repeated values that the current evaluator cannot express exactly.
OP22_GAPS_REVIEWED.csv:113,P.SP.02.MSG.031,REQ 20,"Таблица 48, п.20 (R.IP.SP.02.002)",R.010,ipcdo:UnifiedRegisterRecordsDetails,ipcdo:UnifiedRegisterRecordsDetails; ipcdo:IPEntityStatusDetails,ipcdo:UnifiedRegisterRecordsDetails; ipcdo:IPEntityStatusDetails,cardinality after predicate,Original Table44 requirement needs AP-scoped correlation/cardinality across nested repeated values that the current evaluator cannot express exactly.
OP22_GAPS_REVIEWED.csv:114,P.SP.02.MSG.031,REQ 26,"Таблица 48, п.26 (R.IP.SP.02.002)",R.010,ipcdo:TrademarkDetails,ipsdo:TrademarkKindCode; ipsdo:TrademarkKindName,ipcdo:TrademarkDetails/ipsdo:TrademarkKindCode; ipcdo:TrademarkDetails/ipsdo:TrademarkKindName,disjunction,Original Table44 REQ26 is explicitly TrademarkKindCode OR TrademarkKindName matching an allowed kind; the evaluator cannot express the per-TrademarkDetails disjunction without strengthening OR to AND.
OP22_GAPS_REVIEWED.csv:120,P.SP.02.MSG.031,REQ 18 (Таблица 49),"Таблица 49, п.18 (R.IP.SP.02.007)",R.010,ipcdo:TrademarkDetails,ipsdo:CollectiveMarkIndicator; ipcdo:IPPartyDetails,ipcdo:TrademarkDetails/ipsdo:CollectiveMarkIndicator; ipcdo:IPPartyDetails/ipsdo:IPPartyKindCode,conditional filtering of repeated instances,Requires a conditional cross-collection existence check from TrademarkDetails.CollectiveMarkIndicator=1 to a UE IPPartyDetails instance.
OP22_GAPS_REVIEWED.csv:121,P.SP.02.MSG.031,REQ 19 (Таблица 49),"Таблица 49, п.19 (R.IP.SP.02.007)",R.010,ipcdo:AccompanyingDocumentsDetails,ipsdo:IPDocKindCode; ipsdo:IPDocKindName,ipcdo:AccompanyingDocumentsDetails/ipsdo:IPDocKindCode; ipcdo:AccompanyingDocumentsDetails/ipsdo:IPDocKindName,conditional filtering of repeated instances,Requires a conditional cross-collection AccompanyingDocumentsDetails existence check plus exact per-document IPDocKindCode OR IPDocKindName value semantics.
OP22_GAPS_REVIEWED.csv:126,P.SP.02.MSG.032,REQ 16,"Таблица 50, п.16 (R.IP.SP.02.002)",R.IP.SP.02.002,ipcdo:IPPartyDetails,ipsdo:IPSubjectName,ipcdo:IPPartyDetails/ipsdo:IPSubjectName,cardinality after predicate,Table44 requirement needs AP-scoped correlation/cardinality across nested repeated IPSubjectName/address values that the current evaluator cannot express exactly.
OP22_GAPS_REVIEWED.csv:127,P.SP.02.MSG.032,REQ 17,"Таблица 50, п.17 (R.IP.SP.02.002)",R.IP.SP.02.002,ipcdo:IPPartyDetails,ipsdo:IPSubjectName,ipcdo:IPPartyDetails/ipsdo:IPSubjectName,cardinality after predicate,Table44 requirement needs AP-scoped correlation/cardinality across nested repeated IPSubjectName/address values that the current evaluator cannot express exactly.
OP22_GAPS_REVIEWED.csv:128,P.SP.02.MSG.032,REQ 18,"Таблица 50, п.18 (R.IP.SP.02.002)",R.IP.SP.02.002,ipcdo:IPPartyDetails,ipsdo:IPSubjectName; csdo:LanguageCode,ipcdo:IPPartyDetails/ipsdo:IPSubjectName; ipcdo:IPPartyDetails/ipsdo:IPSubjectName/csdo:LanguageCode,positional/ordinal access,Table44 requirement needs AP-scoped correlation/cardinality across nested repeated IPSubjectName/address values that the current evaluator cannot express exactly.
OP22_GAPS_REVIEWED.csv:129,P.SP.02.MSG.032,REQ 19,"Таблица 50, п.19 (R.IP.SP.02.002)",R.IP.SP.02.002,ipcdo:IPPartyDetails,ipsdo:IPSubjectName; csdo:LanguageCode,ipcdo:IPPartyDetails/ipsdo:IPSubjectName; ipcdo:IPPartyDetails/ipsdo:IPSubjectName/csdo:LanguageCode,positional/ordinal access,Table44 requirement needs AP-scoped correlation/cardinality across nested repeated IPSubjectName/address values that the current evaluator cannot express exactly.
OP22_GAPS_REVIEWED.csv:130,P.SP.02.MSG.032,REQ 20,"Таблица 50, п.20 (R.IP.SP.02.002)",R.IP.SP.02.002,ipcdo:IPPartyDetails,ccdo:SubjectAddressDetails; csdo:AddressKindCode,ipcdo:IPPartyDetails/ccdo:SubjectAddressDetails/csdo:AddressKindCode,cardinality after predicate,Table44 requirement needs AP-scoped correlation/cardinality across nested repeated IPSubjectName/address values that the current evaluator cannot express exactly.
OP22_GAPS_REVIEWED.csv:131,P.SP.02.MSG.032,REQ 26,"Таблица 50, п.26 (R.IP.SP.02.002)",R.IP.SP.02.002,ipcdo:TrademarkDetails,ipsdo:TrademarkKindCode; ipsdo:TrademarkKindName,ipcdo:TrademarkDetails/ipsdo:TrademarkKindCode; ipcdo:TrademarkDetails/ipsdo:TrademarkKindName,disjunction,Table44 REQ26 normatively allows TrademarkKindCode OR TrademarkKindName to carry an allowed kind. The evaluator cannot express exact per-TrademarkDetails disjunction without strengthening OR to AND.
OP22_GAPS_REVIEWED.csv:136,P.SP.02.MSG.033,REQ 16,"Таблица 51, п.16 (R.IP.SP.02.002)",R.IP.SP.02.002,ipcdo:IPPartyDetails,ipsdo:IPSubjectName,ipcdo:IPPartyDetails/ipsdo:IPSubjectName,cardinality after predicate,Table44 requirement needs AP-scoped correlation/cardinality across nested repeated IPSubjectName/address values that the current evaluator cannot express exactly.
OP22_GAPS_REVIEWED.csv:137,P.SP.02.MSG.033,REQ 17,"Таблица 51, п.17 (R.IP.SP.02.002)",R.IP.SP.02.002,ipcdo:IPPartyDetails,ipsdo:IPSubjectName,ipcdo:IPPartyDetails/ipsdo:IPSubjectName,cardinality after predicate,Table44 requirement needs AP-scoped correlation/cardinality across nested repeated IPSubjectName/address values that the current evaluator cannot express exactly.
OP22_GAPS_REVIEWED.csv:138,P.SP.02.MSG.033,REQ 18,"Таблица 51, п.18 (R.IP.SP.02.002)",R.IP.SP.02.002,ipcdo:IPPartyDetails,ipsdo:IPSubjectName; csdo:LanguageCode,ipcdo:IPPartyDetails/ipsdo:IPSubjectName; ipcdo:IPPartyDetails/ipsdo:IPSubjectName/csdo:LanguageCode,positional/ordinal access,Table44 requirement needs AP-scoped correlation/cardinality across nested repeated IPSubjectName/address values that the current evaluator cannot express exactly.
OP22_GAPS_REVIEWED.csv:139,P.SP.02.MSG.033,REQ 19,"Таблица 51, п.19 (R.IP.SP.02.002)",R.IP.SP.02.002,ipcdo:IPPartyDetails,ipsdo:IPSubjectName; csdo:LanguageCode,ipcdo:IPPartyDetails/ipsdo:IPSubjectName; ipcdo:IPPartyDetails/ipsdo:IPSubjectName/csdo:LanguageCode,positional/ordinal access,Table44 requirement needs AP-scoped correlation/cardinality across nested repeated IPSubjectName/address values that the current evaluator cannot express exactly.
OP22_GAPS_REVIEWED.csv:140,P.SP.02.MSG.033,REQ 20,"Таблица 51, п.20 (R.IP.SP.02.002)",R.IP.SP.02.002,ipcdo:IPPartyDetails,ccdo:SubjectAddressDetails; csdo:AddressKindCode,ipcdo:IPPartyDetails/ccdo:SubjectAddressDetails/csdo:AddressKindCode,cardinality after predicate,Table44 requirement needs AP-scoped correlation/cardinality across nested repeated IPSubjectName/address values that the current evaluator cannot express exactly.
OP22_GAPS_REVIEWED.csv:141,P.SP.02.MSG.033,REQ 26,"Таблица 51, п.26 (R.IP.SP.02.002)",R.IP.SP.02.002,ipcdo:TrademarkDetails,ipsdo:TrademarkKindCode; ipsdo:TrademarkKindName,ipcdo:TrademarkDetails/ipsdo:TrademarkKindCode; ipcdo:TrademarkDetails/ipsdo:TrademarkKindName,disjunction,Table44 REQ26 normatively allows TrademarkKindCode OR TrademarkKindName to carry an allowed kind. The evaluator cannot express exact per-TrademarkDetails disjunction without strengthening OR to AND.
OP22_GAPS_REVIEWED.csv:146,P.SP.02.MSG.034,REQ 16,"Таблица 52/44, п.16 (R.IP.SP.02.002)",R.IP.SP.02.002,ipcdo:TrademarkApplicationDetails/ipcdo:IPPartyDetails/ipsdo:IPSubjectName,@nameRepresentationKindCode,ipcdo:TrademarkApplicationDetails/ipcdo:IPPartyDetails/ipsdo:IPSubjectName/@nameRepresentationKindCode,cardinality after predicate,Table44 requirement needs AP-scoped correlation/cardinality across nested repeated IPSubjectName/address values that the current evaluator cannot express exactly.
OP22_GAPS_REVIEWED.csv:147,P.SP.02.MSG.034,REQ 17,"Таблица 52/44, п.17 (R.IP.SP.02.002)",R.IP.SP.02.002,ipcdo:TrademarkApplicationDetails/ipcdo:IPPartyDetails,ipsdo:IPSubjectName,ipcdo:TrademarkApplicationDetails/ipcdo:IPPartyDetails/ipsdo:IPSubjectName,cardinality after predicate,Table44 requirement needs AP-scoped correlation/cardinality across nested repeated IPSubjectName/address values that the current evaluator cannot express exactly.
OP22_GAPS_REVIEWED.csv:148,P.SP.02.MSG.034,REQ 18,"Таблица 52/44, п.18 (R.IP.SP.02.002)",R.IP.SP.02.002,ipcdo:TrademarkApplicationDetails/ipcdo:IPPartyDetails,ipsdo:IPSubjectName,ipcdo:TrademarkApplicationDetails/ipcdo:IPPartyDetails/ipsdo:IPSubjectName,positional/ordinal access,Table44 requirement needs AP-scoped correlation/cardinality across nested repeated IPSubjectName/address values that the current evaluator cannot express exactly.
OP22_GAPS_REVIEWED.csv:149,P.SP.02.MSG.034,REQ 19,"Таблица 52/44, п.19 (R.IP.SP.02.002)",R.IP.SP.02.002,ipcdo:TrademarkApplicationDetails/ipcdo:IPPartyDetails,ipsdo:IPSubjectName,ipcdo:TrademarkApplicationDetails/ipcdo:IPPartyDetails/ipsdo:IPSubjectName,positional/ordinal access,Table44 requirement needs AP-scoped correlation/cardinality across nested repeated IPSubjectName/address values that the current evaluator cannot express exactly.
OP22_GAPS_REVIEWED.csv:150,P.SP.02.MSG.034,REQ 20,"Таблица 52/44, п.20 (R.IP.SP.02.002)",R.IP.SP.02.002,ipcdo:TrademarkApplicationDetails/ipcdo:IPPartyDetails/ccdo:SubjectAddressDetails,csdo:AddressKindCode,ipcdo:TrademarkApplicationDetails/ipcdo:IPPartyDetails/ccdo:SubjectAddressDetails/csdo:AddressKindCode,cardinality after predicate,Table44 requirement needs AP-scoped correlation/cardinality across nested repeated IPSubjectName/address values that the current evaluator cannot express exactly.
OP22_GAPS_REVIEWED.csv:151,P.SP.02.MSG.034,REQ 26,"Таблица 52/44, п.26 (R.IP.SP.02.002)",R.IP.SP.02.002,ipcdo:TrademarkApplicationDetails/ipcdo:TrademarkDetails,ipsdo:TrademarkKindCode,ipcdo:TrademarkApplicationDetails/ipcdo:TrademarkDetails/ipsdo:TrademarkKindCode,disjunction,Table 44 uses TrademarkKindCode OR TrademarkKindName allowed-value semantics; current evaluator lacks a standalone per-TrademarkDetails logical assertion for disjunctive membership without relying on 
OP22_GAPS_REVIEWED.csv:155,P.SP.02.MSG.035,REQ 16,"Таблица 53/44, п.16 (R.IP.SP.02.002)",R.IP.SP.02.002,ipcdo:TrademarkApplicationDetails/ipcdo:IPPartyDetails/ipsdo:IPSubjectName,@nameRepresentationKindCode,ipcdo:TrademarkApplicationDetails/ipcdo:IPPartyDetails/ipsdo:IPSubjectName/@nameRepresentationKindCode,cardinality after predicate,Table44 requirement needs AP-scoped correlation/cardinality across nested repeated IPSubjectName/address values that the current evaluator cannot express exactly.
OP22_GAPS_REVIEWED.csv:156,P.SP.02.MSG.035,REQ 17,"Таблица 53/44, п.17 (R.IP.SP.02.002)",R.IP.SP.02.002,ipcdo:TrademarkApplicationDetails/ipcdo:IPPartyDetails,ipsdo:IPSubjectName,ipcdo:TrademarkApplicationDetails/ipcdo:IPPartyDetails/ipsdo:IPSubjectName,cardinality after predicate,Table44 requirement needs AP-scoped correlation/cardinality across nested repeated IPSubjectName/address values that the current evaluator cannot express exactly.
OP22_GAPS_REVIEWED.csv:157,P.SP.02.MSG.035,REQ 18,"Таблица 53/44, п.18 (R.IP.SP.02.002)",R.IP.SP.02.002,ipcdo:TrademarkApplicationDetails/ipcdo:IPPartyDetails,ipsdo:IPSubjectName,ipcdo:TrademarkApplicationDetails/ipcdo:IPPartyDetails/ipsdo:IPSubjectName,positional/ordinal access,Table44 requirement needs AP-scoped correlation/cardinality across nested repeated IPSubjectName/address values that the current evaluator cannot express exactly.
OP22_GAPS_REVIEWED.csv:158,P.SP.02.MSG.035,REQ 19,"Таблица 53/44, п.19 (R.IP.SP.02.002)",R.IP.SP.02.002,ipcdo:TrademarkApplicationDetails/ipcdo:IPPartyDetails,ipsdo:IPSubjectName,ipcdo:TrademarkApplicationDetails/ipcdo:IPPartyDetails/ipsdo:IPSubjectName,positional/ordinal access,Table44 requirement needs AP-scoped correlation/cardinality across nested repeated IPSubjectName/address values that the current evaluator cannot express exactly.
OP22_GAPS_REVIEWED.csv:159,P.SP.02.MSG.035,REQ 20,"Таблица 53/44, п.20 (R.IP.SP.02.002)",R.IP.SP.02.002,ipcdo:TrademarkApplicationDetails/ipcdo:IPPartyDetails/ccdo:SubjectAddressDetails,csdo:AddressKindCode,ipcdo:TrademarkApplicationDetails/ipcdo:IPPartyDetails/ccdo:SubjectAddressDetails/csdo:AddressKindCode,cardinality after predicate,Table44 requirement needs AP-scoped correlation/cardinality across nested repeated IPSubjectName/address values that the current evaluator cannot express exactly.
OP22_GAPS_REVIEWED.csv:160,P.SP.02.MSG.035,REQ 26,"Таблица 53/44, п.26 (R.IP.SP.02.002)",R.IP.SP.02.002,ipcdo:TrademarkApplicationDetails/ipcdo:TrademarkDetails,ipsdo:TrademarkKindCode,ipcdo:TrademarkApplicationDetails/ipcdo:TrademarkDetails/ipsdo:TrademarkKindCode,disjunction,Table 44 uses TrademarkKindCode OR TrademarkKindName allowed-value semantics; current evaluator lacks a standalone per-TrademarkDetails logical assertion for disjunctive membership without relying on 
OP22_GAPS_REVIEWED.csv:164,P.SP.02.MSG.036,REQ 16,"Таблица 54/44, п.16 (R.IP.SP.02.002)",R.IP.SP.02.002,ipcdo:TrademarkApplicationDetails/ipcdo:IPPartyDetails/ipsdo:IPSubjectName,@nameRepresentationKindCode,ipcdo:TrademarkApplicationDetails/ipcdo:IPPartyDetails/ipsdo:IPSubjectName/@nameRepresentationKindCode,cardinality after predicate,Table44 requirement needs AP-scoped correlation/cardinality across nested repeated IPSubjectName/address values that the current evaluator cannot express exactly.
OP22_GAPS_REVIEWED.csv:165,P.SP.02.MSG.036,REQ 17,"Таблица 54/44, п.17 (R.IP.SP.02.002)",R.IP.SP.02.002,ipcdo:TrademarkApplicationDetails/ipcdo:IPPartyDetails,ipsdo:IPSubjectName,ipcdo:TrademarkApplicationDetails/ipcdo:IPPartyDetails/ipsdo:IPSubjectName,cardinality after predicate,Table44 requirement needs AP-scoped correlation/cardinality across nested repeated IPSubjectName/address values that the current evaluator cannot express exactly.
OP22_GAPS_REVIEWED.csv:166,P.SP.02.MSG.036,REQ 18,"Таблица 54/44, п.18 (R.IP.SP.02.002)",R.IP.SP.02.002,ipcdo:TrademarkApplicationDetails/ipcdo:IPPartyDetails,ipsdo:IPSubjectName,ipcdo:TrademarkApplicationDetails/ipcdo:IPPartyDetails/ipsdo:IPSubjectName,positional/ordinal access,Table44 requirement needs AP-scoped correlation/cardinality across nested repeated IPSubjectName/address values that the current evaluator cannot express exactly.
OP22_GAPS_REVIEWED.csv:167,P.SP.02.MSG.036,REQ 19,"Таблица 54/44, п.19 (R.IP.SP.02.002)",R.IP.SP.02.002,ipcdo:TrademarkApplicationDetails/ipcdo:IPPartyDetails,ipsdo:IPSubjectName,ipcdo:TrademarkApplicationDetails/ipcdo:IPPartyDetails/ipsdo:IPSubjectName,positional/ordinal access,Table44 requirement needs AP-scoped correlation/cardinality across nested repeated IPSubjectName/address values that the current evaluator cannot express exactly.
OP22_GAPS_REVIEWED.csv:168,P.SP.02.MSG.036,REQ 20,"Таблица 54/44, п.20 (R.IP.SP.02.002)",R.IP.SP.02.002,ipcdo:TrademarkApplicationDetails/ipcdo:IPPartyDetails/ccdo:SubjectAddressDetails,csdo:AddressKindCode,ipcdo:TrademarkApplicationDetails/ipcdo:IPPartyDetails/ccdo:SubjectAddressDetails/csdo:AddressKindCode,cardinality after predicate,Table44 requirement needs AP-scoped correlation/cardinality across nested repeated IPSubjectName/address values that the current evaluator cannot express exactly.
OP22_GAPS_REVIEWED.csv:169,P.SP.02.MSG.036,REQ 26,"Таблица 54/44, п.26 (R.IP.SP.02.002)",R.IP.SP.02.002,ipcdo:TrademarkApplicationDetails/ipcdo:TrademarkDetails,ipsdo:TrademarkKindCode,ipcdo:TrademarkApplicationDetails/ipcdo:TrademarkDetails/ipsdo:TrademarkKindCode,disjunction,Table 44 uses TrademarkKindCode OR TrademarkKindName allowed-value semantics; current evaluator lacks a standalone per-TrademarkDetails logical assertion for disjunctive membership without relying on 
OP22_GAPS_REVIEWED.csv:174,P.SP.02.MSG.037,REQ 16,"Таблица 55/44, п.16 (R.IP.SP.02.002)",R.IP.SP.02.002,ipcdo:TrademarkApplicationDetails/ipcdo:IPPartyDetails/ipsdo:IPSubjectName,@nameRepresentationKindCode,ipcdo:TrademarkApplicationDetails/ipcdo:IPPartyDetails/ipsdo:IPSubjectName/@nameRepresentationKindCode,positional/ordinal access,Required ordinal/language/repeated-instance correlation cannot be represented exactly by the current evaluator.
OP22_GAPS_REVIEWED.csv:175,P.SP.02.MSG.037,REQ 17,"Таблица 55/44, п.17 (R.IP.SP.02.002)",R.IP.SP.02.002,ipcdo:TrademarkApplicationDetails/ipcdo:IPPartyDetails,ipsdo:IPSubjectName,ipcdo:TrademarkApplicationDetails/ipcdo:IPPartyDetails/ipsdo:IPSubjectName,positional/ordinal access,Required ordinal/language/repeated-instance correlation cannot be represented exactly by the current evaluator.
OP22_GAPS_REVIEWED.csv:176,P.SP.02.MSG.037,REQ 18,"Таблица 55/44, п.18 (R.IP.SP.02.002)",R.IP.SP.02.002,ipcdo:TrademarkApplicationDetails/ipcdo:IPPartyDetails,ipsdo:IPSubjectName,ipcdo:TrademarkApplicationDetails/ipcdo:IPPartyDetails/ipsdo:IPSubjectName,positional/ordinal access,Required ordinal/language/repeated-instance correlation cannot be represented exactly by the current evaluator.
OP22_GAPS_REVIEWED.csv:177,P.SP.02.MSG.037,REQ 19,"Таблица 55/44, п.19 (R.IP.SP.02.002)",R.IP.SP.02.002,ipcdo:TrademarkApplicationDetails/ipcdo:IPPartyDetails,ipsdo:IPSubjectName,ipcdo:TrademarkApplicationDetails/ipcdo:IPPartyDetails/ipsdo:IPSubjectName,positional/ordinal access,Required ordinal/language/repeated-instance correlation cannot be represented exactly by the current evaluator.
OP22_GAPS_REVIEWED.csv:178,P.SP.02.MSG.037,REQ 20,"Таблица 55/44, п.20 (R.IP.SP.02.002)",R.IP.SP.02.002,ipcdo:TrademarkApplicationDetails/ipcdo:IPPartyDetails/ccdo:SubjectAddressDetails,csdo:AddressKindCode,ipcdo:TrademarkApplicationDetails/ipcdo:IPPartyDetails/ccdo:SubjectAddressDetails/csdo:AddressKindCode,positional/ordinal access,Required ordinal/language/repeated-instance correlation cannot be represented exactly by the current evaluator.
OP22_GAPS_REVIEWED.csv:179,P.SP.02.MSG.037,REQ 26,"Таблица 55/44, п.26 (R.IP.SP.02.002)",R.IP.SP.02.002,ipcdo:TrademarkApplicationDetails/ipcdo:TrademarkDetails,ipsdo:TrademarkKindCode,ipcdo:TrademarkApplicationDetails/ipcdo:TrademarkDetails/ipsdo:TrademarkKindCode,disjunction,Normative semantics require TrademarkKindCode OR TrademarkKindName correspondence within the same TrademarkDetails; AND would be incorrect.
OP22_GAPS_REVIEWED.csv:184,P.SP.02.MSG.038,REQ 16,"Таблица 56/44, п.16 (R.IP.SP.02.002)",R.IP.SP.02.002,ipcdo:TrademarkApplicationDetails,@nameRepresentationKindCode,ipcdo:TrademarkApplicationDetails/ipcdo:IPPartyDetails/ipsdo:IPSubjectName/@nameRepresentationKindCode,disjunction,No safe exact evaluator expression.
OP22_GAPS_REVIEWED.csv:185,P.SP.02.MSG.038,REQ 17,"Таблица 56/44, п.17 (R.IP.SP.02.002)",R.IP.SP.02.002,ipcdo:TrademarkApplicationDetails,ipsdo:IPSubjectName,ipcdo:TrademarkApplicationDetails/ipcdo:IPPartyDetails/ipsdo:IPSubjectName,disjunction,No safe exact evaluator expression.
OP22_GAPS_REVIEWED.csv:186,P.SP.02.MSG.038,REQ 18,"Таблица 56/44, п.18 (R.IP.SP.02.002)",R.IP.SP.02.002,ipcdo:TrademarkApplicationDetails,ipsdo:IPSubjectName,ipcdo:TrademarkApplicationDetails/ipcdo:IPPartyDetails/ipsdo:IPSubjectName,positional/ordinal access,No safe exact evaluator expression.
OP22_GAPS_REVIEWED.csv:187,P.SP.02.MSG.038,REQ 19,"Таблица 56/44, п.19 (R.IP.SP.02.002)",R.IP.SP.02.002,ipcdo:TrademarkApplicationDetails,ipsdo:IPSubjectName,ipcdo:TrademarkApplicationDetails/ipcdo:IPPartyDetails/ipsdo:IPSubjectName,positional/ordinal access,No safe exact evaluator expression.
OP22_GAPS_REVIEWED.csv:188,P.SP.02.MSG.038,REQ 20,"Таблица 56/44, п.20 (R.IP.SP.02.002)",R.IP.SP.02.002,ipcdo:TrademarkApplicationDetails,csdo:AddressKindCode,ipcdo:TrademarkApplicationDetails/ipcdo:IPPartyDetails/ccdo:SubjectAddressDetails/csdo:AddressKindCode,disjunction,No safe exact evaluator expression.
OP22_GAPS_REVIEWED.csv:189,P.SP.02.MSG.038,REQ 26,"Таблица 56/44, п.26 (R.IP.SP.02.002)",R.IP.SP.02.002,ipcdo:TrademarkApplicationDetails,ipsdo:TrademarkKindCode,ipcdo:TrademarkApplicationDetails/ipcdo:TrademarkDetails/ipsdo:TrademarkKindCode,disjunction,No safe exact evaluator expression.
OP22_GAPS_REVIEWED.csv:195,P.SP.02.MSG.039,REQ 16,"Таблица 57/44, п.16 (R.IP.SP.02.002)",R.IP.SP.02.002,ipcdo:TrademarkApplicationDetails/ipcdo:IPPartyDetails/ipsdo:IPSubjectName,@nameRepresentationKindCode,ipcdo:TrademarkApplicationDetails/ipcdo:IPPartyDetails/ipsdo:IPSubjectName/@nameRepresentationKindCode,positional/ordinal access,Required ordinal/language/repeated-instance correlation cannot be represented exactly by the current evaluator.
OP22_GAPS_REVIEWED.csv:196,P.SP.02.MSG.039,REQ 17,"Таблица 57/44, п.17 (R.IP.SP.02.002)",R.IP.SP.02.002,ipcdo:TrademarkApplicationDetails/ipcdo:IPPartyDetails,ipsdo:IPSubjectName,ipcdo:TrademarkApplicationDetails/ipcdo:IPPartyDetails/ipsdo:IPSubjectName,positional/ordinal access,Required ordinal/language/repeated-instance correlation cannot be represented exactly by the current evaluator.
OP22_GAPS_REVIEWED.csv:197,P.SP.02.MSG.039,REQ 18,"Таблица 57/44, п.18 (R.IP.SP.02.002)",R.IP.SP.02.002,ipcdo:TrademarkApplicationDetails/ipcdo:IPPartyDetails,ipsdo:IPSubjectName,ipcdo:TrademarkApplicationDetails/ipcdo:IPPartyDetails/ipsdo:IPSubjectName,positional/ordinal access,Required ordinal/language/repeated-instance correlation cannot be represented exactly by the current evaluator.
OP22_GAPS_REVIEWED.csv:198,P.SP.02.MSG.039,REQ 19,"Таблица 57/44, п.19 (R.IP.SP.02.002)",R.IP.SP.02.002,ipcdo:TrademarkApplicationDetails/ipcdo:IPPartyDetails,ipsdo:IPSubjectName,ipcdo:TrademarkApplicationDetails/ipcdo:IPPartyDetails/ipsdo:IPSubjectName,positional/ordinal access,Required ordinal/language/repeated-instance correlation cannot be represented exactly by the current evaluator.
OP22_GAPS_REVIEWED.csv:199,P.SP.02.MSG.039,REQ 20,"Таблица 57/44, п.20 (R.IP.SP.02.002)",R.IP.SP.02.002,ipcdo:TrademarkApplicationDetails/ipcdo:IPPartyDetails/ccdo:SubjectAddressDetails,csdo:AddressKindCode,ipcdo:TrademarkApplicationDetails/ipcdo:IPPartyDetails/ccdo:SubjectAddressDetails/csdo:AddressKindCode,positional/ordinal access,Required ordinal/language/repeated-instance correlation cannot be represented exactly by the current evaluator.
OP22_GAPS_REVIEWED.csv:200,P.SP.02.MSG.039,REQ 26,"Таблица 57/44, п.26 (R.IP.SP.02.002)",R.IP.SP.02.002,ipcdo:TrademarkApplicationDetails/ipcdo:TrademarkDetails,ipsdo:TrademarkKindCode,ipcdo:TrademarkApplicationDetails/ipcdo:TrademarkDetails/ipsdo:TrademarkKindCode,disjunction,Normative semantics require TrademarkKindCode OR TrademarkKindName correspondence within the same TrademarkDetails; AND would be incorrect.
OP22_GAPS_REVIEWED.csv:205,P.SP.02.MSG.040,REQ 16,"Таблица 58/44, п.16 (R.IP.SP.02.002)",R.IP.SP.02.002,ipcdo:TrademarkApplicationDetails,ipcdo:TrademarkApplicationDetails,ipcdo:TrademarkApplicationDetails,disjunction,No safe exact evaluator expression.
OP22_GAPS_REVIEWED.csv:206,P.SP.02.MSG.040,REQ 17,"Таблица 58/44, п.17 (R.IP.SP.02.002)",R.IP.SP.02.002,ipcdo:TrademarkApplicationDetails,ipcdo:TrademarkApplicationDetails,ipcdo:TrademarkApplicationDetails,disjunction,No safe exact evaluator expression.
OP22_GAPS_REVIEWED.csv:207,P.SP.02.MSG.040,REQ 18,"Таблица 58/44, п.18 (R.IP.SP.02.002)",R.IP.SP.02.002,ipcdo:TrademarkApplicationDetails,ipcdo:TrademarkApplicationDetails,ipcdo:TrademarkApplicationDetails,positional/ordinal access,No safe exact evaluator expression.
OP22_GAPS_REVIEWED.csv:208,P.SP.02.MSG.040,REQ 19,"Таблица 58/44, п.19 (R.IP.SP.02.002)",R.IP.SP.02.002,ipcdo:TrademarkApplicationDetails,ipcdo:TrademarkApplicationDetails,ipcdo:TrademarkApplicationDetails,positional/ordinal access,No safe exact evaluator expression.
OP22_GAPS_REVIEWED.csv:209,P.SP.02.MSG.040,REQ 20,"Таблица 58/44, п.20 (R.IP.SP.02.002)",R.IP.SP.02.002,ipcdo:TrademarkApplicationDetails,ipcdo:TrademarkApplicationDetails,ipcdo:TrademarkApplicationDetails,disjunction,No safe exact evaluator expression.
OP22_GAPS_REVIEWED.csv:210,P.SP.02.MSG.040,REQ 26,"Таблица 58/44, п.26 (R.IP.SP.02.002)",R.IP.SP.02.002,ipcdo:TrademarkApplicationDetails,ipcdo:TrademarkApplicationDetails,ipcdo:TrademarkApplicationDetails,disjunction,No safe exact evaluator expression.
OP22_GAPS_REVIEWED.csv:215,P.SP.02.MSG.041,REQ 16,"Таблица 59/44, п.16 (R.IP.SP.02.002)",R.IP.SP.02.002,ipcdo:TrademarkApplicationDetails,ipcdo:TrademarkApplicationDetails,ipcdo:TrademarkApplicationDetails,disjunction,No safe exact evaluator expression.
OP22_GAPS_REVIEWED.csv:216,P.SP.02.MSG.041,REQ 17,"Таблица 59/44, п.17 (R.IP.SP.02.002)",R.IP.SP.02.002,ipcdo:TrademarkApplicationDetails,ipcdo:TrademarkApplicationDetails,ipcdo:TrademarkApplicationDetails,disjunction,No safe exact evaluator expression.
OP22_GAPS_REVIEWED.csv:217,P.SP.02.MSG.041,REQ 18,"Таблица 59/44, п.18 (R.IP.SP.02.002)",R.IP.SP.02.002,ipcdo:TrademarkApplicationDetails,ipcdo:TrademarkApplicationDetails,ipcdo:TrademarkApplicationDetails,positional/ordinal access,No safe exact evaluator expression.
OP22_GAPS_REVIEWED.csv:218,P.SP.02.MSG.041,REQ 19,"Таблица 59/44, п.19 (R.IP.SP.02.002)",R.IP.SP.02.002,ipcdo:TrademarkApplicationDetails,ipcdo:TrademarkApplicationDetails,ipcdo:TrademarkApplicationDetails,positional/ordinal access,No safe exact evaluator expression.
OP22_GAPS_REVIEWED.csv:219,P.SP.02.MSG.041,REQ 20,"Таблица 59/44, п.20 (R.IP.SP.02.002)",R.IP.SP.02.002,ipcdo:TrademarkApplicationDetails,ipcdo:TrademarkApplicationDetails,ipcdo:TrademarkApplicationDetails,disjunction,No safe exact evaluator expression.
OP22_GAPS_REVIEWED.csv:220,P.SP.02.MSG.041,REQ 26,"Таблица 59/44, п.26 (R.IP.SP.02.002)",R.IP.SP.02.002,ipcdo:TrademarkApplicationDetails,ipcdo:TrademarkApplicationDetails,ipcdo:TrademarkApplicationDetails,disjunction,No safe exact evaluator expression.
OP22_GAPS_REVIEWED.csv:225,P.SP.02.MSG.042,REQ 16,"Таблица 60/44, п.16 (R.IP.SP.02.002)",R.IP.SP.02.002,ipcdo:TrademarkApplicationDetails,ipcdo:TrademarkApplicationDetails,ipcdo:TrademarkApplicationDetails,disjunction,No safe exact evaluator expression.
OP22_GAPS_REVIEWED.csv:226,P.SP.02.MSG.042,REQ 17,"Таблица 60/44, п.17 (R.IP.SP.02.002)",R.IP.SP.02.002,ipcdo:TrademarkApplicationDetails,ipcdo:TrademarkApplicationDetails,ipcdo:TrademarkApplicationDetails,disjunction,No safe exact evaluator expression.
OP22_GAPS_REVIEWED.csv:227,P.SP.02.MSG.042,REQ 18,"Таблица 60/44, п.18 (R.IP.SP.02.002)",R.IP.SP.02.002,ipcdo:TrademarkApplicationDetails,ipcdo:TrademarkApplicationDetails,ipcdo:TrademarkApplicationDetails,positional/ordinal access,No safe exact evaluator expression.
OP22_GAPS_REVIEWED.csv:228,P.SP.02.MSG.042,REQ 19,"Таблица 60/44, п.19 (R.IP.SP.02.002)",R.IP.SP.02.002,ipcdo:TrademarkApplicationDetails,ipcdo:TrademarkApplicationDetails,ipcdo:TrademarkApplicationDetails,positional/ordinal access,No safe exact evaluator expression.
OP22_GAPS_REVIEWED.csv:229,P.SP.02.MSG.042,REQ 20,"Таблица 60/44, п.20 (R.IP.SP.02.002)",R.IP.SP.02.002,ipcdo:TrademarkApplicationDetails,ipcdo:TrademarkApplicationDetails,ipcdo:TrademarkApplicationDetails,disjunction,No safe exact evaluator expression.
OP22_GAPS_REVIEWED.csv:230,P.SP.02.MSG.042,REQ 26,"Таблица 60/44, п.26 (R.IP.SP.02.002)",R.IP.SP.02.002,ipcdo:TrademarkApplicationDetails,ipcdo:TrademarkApplicationDetails,ipcdo:TrademarkApplicationDetails,disjunction,No safe exact evaluator expression.
OP22_GAPS_REVIEWED.csv:236,P.SP.02.MSG.043,REQ 16,"Таблица 61/44, п.16 (R.IP.SP.02.002)",R.IP.SP.02.002,ipcdo:TrademarkApplicationDetails,ipcdo:TrademarkApplicationDetails,ipcdo:TrademarkApplicationDetails,positional/ordinal access,"Requires ordinal positional indexing of multiple IPSubjectName instances within a repeatable parent, which is unsupported by the engine."
OP22_GAPS_REVIEWED.csv:237,P.SP.02.MSG.043,REQ 17,"Таблица 61/44, п.17 (R.IP.SP.02.002)",R.IP.SP.02.002,ipcdo:TrademarkApplicationDetails,ipcdo:TrademarkApplicationDetails,ipcdo:TrademarkApplicationDetails,positional/ordinal access,"Requires ordinal positional indexing of multiple IPSubjectName instances within a repeatable parent, which is unsupported by the engine."
OP22_GAPS_REVIEWED.csv:238,P.SP.02.MSG.043,REQ 18,"Таблица 61/44, п.18 (R.IP.SP.02.002)",R.IP.SP.02.002,ipcdo:TrademarkApplicationDetails,ipcdo:TrademarkApplicationDetails,ipcdo:TrademarkApplicationDetails,positional/ordinal access,"Requires ordinal positional indexing of multiple IPSubjectName instances within a repeatable parent, which is unsupported by the engine."
OP22_GAPS_REVIEWED.csv:239,P.SP.02.MSG.043,REQ 19,"Таблица 61/44, п.19 (R.IP.SP.02.002)",R.IP.SP.02.002,ipcdo:TrademarkApplicationDetails,ipcdo:TrademarkApplicationDetails,ipcdo:TrademarkApplicationDetails,positional/ordinal access,"Requires ordinal positional indexing of multiple IPSubjectName instances within a repeatable parent, which is unsupported by the engine."
OP22_GAPS_REVIEWED.csv:240,P.SP.02.MSG.043,REQ 20,"Таблица 61/44, п.20 (R.IP.SP.02.002)",R.IP.SP.02.002,ipcdo:TrademarkApplicationDetails,ipcdo:TrademarkApplicationDetails,ipcdo:TrademarkApplicationDetails,positional/ordinal access,"Requires ordinal positional indexing of multiple IPSubjectName instances within a repeatable parent, which is unsupported by the engine."
OP22_GAPS_REVIEWED.csv:246,P.SP.02.MSG.044,REQ 16,"Таблица 58/44, п.16 (R.IP.SP.02.002)",R.IP.SP.02.002,ipcdo:TrademarkApplicationDetails,ipcdo:TrademarkApplicationDetails,ipcdo:TrademarkApplicationDetails,disjunction,No safe exact evaluator expression.
OP22_GAPS_REVIEWED.csv:247,P.SP.02.MSG.044,REQ 17,"Таблица 58/44, п.17 (R.IP.SP.02.002)",R.IP.SP.02.002,ipcdo:TrademarkApplicationDetails,ipcdo:TrademarkApplicationDetails,ipcdo:TrademarkApplicationDetails,disjunction,No safe exact evaluator expression.
OP22_GAPS_REVIEWED.csv:248,P.SP.02.MSG.044,REQ 18,"Таблица 58/44, п.18 (R.IP.SP.02.002)",R.IP.SP.02.002,ipcdo:TrademarkApplicationDetails,ipcdo:TrademarkApplicationDetails,ipcdo:TrademarkApplicationDetails,positional/ordinal access,No safe exact evaluator expression.
OP22_GAPS_REVIEWED.csv:249,P.SP.02.MSG.044,REQ 19,"Таблица 58/44, п.19 (R.IP.SP.02.002)",R.IP.SP.02.002,ipcdo:TrademarkApplicationDetails,ipcdo:TrademarkApplicationDetails,ipcdo:TrademarkApplicationDetails,positional/ordinal access,No safe exact evaluator expression.
OP22_GAPS_REVIEWED.csv:250,P.SP.02.MSG.044,REQ 20,"Таблица 58/44, п.20 (R.IP.SP.02.002)",R.IP.SP.02.002,ipcdo:TrademarkApplicationDetails,ipcdo:TrademarkApplicationDetails,ipcdo:TrademarkApplicationDetails,disjunction,No safe exact evaluator expression.
OP22_GAPS_REVIEWED.csv:251,P.SP.02.MSG.044,REQ 26,"Таблица 58/44, п.26 (R.IP.SP.02.002)",R.IP.SP.02.002,ipcdo:TrademarkApplicationDetails,ipcdo:TrademarkApplicationDetails,ipcdo:TrademarkApplicationDetails,disjunction,No safe exact evaluator expression.
OP22_GAPS_REVIEWED.csv:256,P.SP.02.MSG.045,REQ 16,"Таблица 63/44, п.16 (R.IP.SP.02.002)",R.IP.SP.02.002,ipcdo:TrademarkApplicationDetails,ipcdo:TrademarkApplicationDetails,ipcdo:TrademarkApplicationDetails,positional/ordinal access,Filtered/nested cardinality and correlation over repeated names and addresses.
OP22_GAPS_REVIEWED.csv:257,P.SP.02.MSG.045,REQ 17,"Таблица 63/44, п.17 (R.IP.SP.02.002)",R.IP.SP.02.002,ipcdo:TrademarkApplicationDetails,ipcdo:TrademarkApplicationDetails,ipcdo:TrademarkApplicationDetails,positional/ordinal access,Filtered/nested cardinality and correlation over repeated names and addresses.
OP22_GAPS_REVIEWED.csv:258,P.SP.02.MSG.045,REQ 18,"Таблица 63/44, п.18 (R.IP.SP.02.002)",R.IP.SP.02.002,ipcdo:TrademarkApplicationDetails,ipcdo:TrademarkApplicationDetails,ipcdo:TrademarkApplicationDetails,positional/ordinal access,Filtered/nested cardinality and correlation over repeated names and addresses.
OP22_GAPS_REVIEWED.csv:259,P.SP.02.MSG.045,REQ 19,"Таблица 63/44, п.19 (R.IP.SP.02.002)",R.IP.SP.02.002,ipcdo:TrademarkApplicationDetails,ipcdo:TrademarkApplicationDetails,ipcdo:TrademarkApplicationDetails,positional/ordinal access,Filtered/nested cardinality and correlation over repeated names and addresses.
OP22_GAPS_REVIEWED.csv:260,P.SP.02.MSG.045,REQ 20,"Таблица 63/44, п.20 (R.IP.SP.02.002)",R.IP.SP.02.002,ipcdo:TrademarkApplicationDetails,ipcdo:TrademarkApplicationDetails,ipcdo:TrademarkApplicationDetails,positional/ordinal access,Filtered/nested cardinality and correlation over repeated names and addresses.
OP22_GAPS_REVIEWED.csv:261,P.SP.02.MSG.045,REQ 26,"Таблица 63/44, п.26 (R.IP.SP.02.002)",R.IP.SP.02.002,ipcdo:TrademarkApplicationDetails,ipcdo:TrademarkApplicationDetails,ipcdo:TrademarkApplicationDetails,disjunction,TrademarkKindCode or TrademarkKindName must be in normative set; cannot be safely replaced with AND.
OP22_GAPS_REVIEWED.csv:262,P.SP.02.MSG.045,REQ 30,"Таблица 63, п.30 (R.IP.SP.02.002)",R.IP.SP.02.002,ipcdo:TrademarkApplicationDetails,ipsdo:IPPartyKindCode,ipcdo:TrademarkApplicationDetails/ipcdo:IPPartyDetails/ipsdo:IPPartyKindCode,conditional filtering of repeated instances,Conditional cross-collection correlation: application doc kind + AS party requires AccompanyingDocumentsDetails with matching doc kind.
OP22_GAPS_REVIEWED.csv:269,P.SP.02.MSG.047,REQ 18,"Таблица 65/49, п.18 (R.IP.SP.02.007)",R.IP.SP.02.007,ipcdo:UnifiedRegisterRecordsDetails,ipsdo:CollectiveMarkIndicator,ipcdo:UnifiedRegisterRecordsDetails/ipcdo:TrademarkDetails/ipsdo:CollectiveMarkIndicator,conditional filtering of repeated instances,Conditional cross-collection dependency: CollectiveMarkIndicator == 1 requires IPPartyDetails with kind UE.
OP22_GAPS_REVIEWED.csv:270,P.SP.02.MSG.047,REQ 19,"Таблица 65/49, п.19 (R.IP.SP.02.007)",R.IP.SP.02.007,ipcdo:UnifiedRegisterRecordsDetails,ipsdo:CollectiveMarkIndicator,ipcdo:UnifiedRegisterRecordsDetails/ipcdo:TrademarkDetails/ipsdo:CollectiveMarkIndicator,conditional filtering of repeated instances,Conditional cross-collection dependency: CollectiveMarkIndicator == 1 requires AccompanyingDocumentsDetails with charter doc kind.
OP22_GAPS_REVIEWED.csv:274,P.SP.02.MSG.048,REQ 18,"Таблица 66/49, п.18 (R.IP.SP.02.007)",R.IP.SP.02.007,ipcdo:UnifiedRegisterRecordsDetails,ipsdo:CollectiveMarkIndicator,ipcdo:UnifiedRegisterRecordsDetails/ipcdo:TrademarkDetails/ipsdo:CollectiveMarkIndicator,conditional filtering of repeated instances,Conditional cross-collection dependency: CollectiveMarkIndicator == 1 requires IPPartyDetails with kind UE.
OP22_GAPS_REVIEWED.csv:275,P.SP.02.MSG.048,REQ 19,"Таблица 66/49, п.19 (R.IP.SP.02.007)",R.IP.SP.02.007,ipcdo:UnifiedRegisterRecordsDetails,ipsdo:CollectiveMarkIndicator,ipcdo:UnifiedRegisterRecordsDetails/ipcdo:TrademarkDetails/ipsdo:CollectiveMarkIndicator,conditional filtering of repeated instances,Conditional cross-collection dependency: CollectiveMarkIndicator == 1 requires AccompanyingDocumentsDetails with charter doc kind.
OP22_GAPS_REVIEWED.csv:277,P.SP.02.MSG.049,REQ 18,"Таблица 67, п.18 (R.IP.SP.02.007)",R.IP.SP.02.007,ipcdo:UnifiedRegisterRecordsDetails,ipsdo:CollectiveMarkIndicator,ipcdo:UnifiedRegisterRecordsDetails/ipcdo:TrademarkDetails/ipsdo:CollectiveMarkIndicator,conditional filtering of repeated instances,Conditional cross-collection dependency: CollectiveMarkIndicator == 1 requires IPPartyDetails with kind UE.
OP22_GAPS_REVIEWED.csv:278,P.SP.02.MSG.049,REQ 19,"Таблица 67, п.19 (R.IP.SP.02.007)",R.IP.SP.02.007,ipcdo:UnifiedRegisterRecordsDetails,ipsdo:CollectiveMarkIndicator,ipcdo:UnifiedRegisterRecordsDetails/ipcdo:TrademarkDetails/ipsdo:CollectiveMarkIndicator,conditional filtering of repeated instances,Conditional cross-collection dependency: CollectiveMarkIndicator == 1 requires AccompanyingDocumentsDetails with charter doc kind.
OP22_GAPS_REVIEWED.csv:284,P.SP.02.MSG.050,REQ 18,"Таблица 68/49, п.18 (R.IP.SP.02.007)",R.IP.SP.02.007,ipcdo:UnifiedRegisterRecordsDetails,ipsdo:CollectiveMarkIndicator,ipcdo:UnifiedRegisterRecordsDetails/ipcdo:TrademarkDetails/ipsdo:CollectiveMarkIndicator,conditional filtering of repeated instances,Conditional cross-collection dependency: CollectiveMarkIndicator == 1 requires IPPartyDetails with kind UE.
OP22_GAPS_REVIEWED.csv:285,P.SP.02.MSG.050,REQ 19,"Таблица 68/49, п.19 (R.IP.SP.02.007)",R.IP.SP.02.007,ipcdo:UnifiedRegisterRecordsDetails,ipsdo:CollectiveMarkIndicator,ipcdo:UnifiedRegisterRecordsDetails/ipcdo:TrademarkDetails/ipsdo:CollectiveMarkIndicator,conditional filtering of repeated instances,Conditional cross-collection dependency: CollectiveMarkIndicator == 1 requires AccompanyingDocumentsDetails with charter doc kind.
OP22_GAPS_REVIEWED.csv:289,P.SP.02.MSG.051,REQ 18,"Таблица 69/49, п.18 (R.IP.SP.02.007)",R.IP.SP.02.007,ipcdo:UnifiedRegisterRecordsDetails,ipsdo:CollectiveMarkIndicator,ipcdo:UnifiedRegisterRecordsDetails/ipcdo:TrademarkDetails/ipsdo:CollectiveMarkIndicator,conditional filtering of repeated instances,Conditional cross-collection dependency: CollectiveMarkIndicator == 1 requires IPPartyDetails with kind UE.
OP22_GAPS_REVIEWED.csv:290,P.SP.02.MSG.051,REQ 19,"Таблица 69/49, п.19 (R.IP.SP.02.007)",R.IP.SP.02.007,ipcdo:UnifiedRegisterRecordsDetails,ipsdo:CollectiveMarkIndicator,ipcdo:UnifiedRegisterRecordsDetails/ipcdo:TrademarkDetails/ipsdo:CollectiveMarkIndicator,conditional filtering of repeated instances,Conditional cross-collection dependency: CollectiveMarkIndicator == 1 requires AccompanyingDocumentsDetails with charter doc kind.
OP22_GAPS_REVIEWED.csv:291,P.SP.02.MSG.052,REQ 3,"Таблица 70, п.3 (R.IP.SP.02.007)",R.IP.SP.02.007,ipcdo:UnifiedRegisterRecordsDetails,ipcdo:UnifiedRegisterRecordsDetails,ipcdo:UnifiedRegisterRecordsDetails,cardinality after predicate,Requires data-dependent creation of a second record from nested goods state; current rules engine cannot express this cross-record obligation.
OP22_GAPS_REVIEWED.csv:293,P.SP.02.MSG.052,REQ 18,"Таблица 70/49, п.18 (R.IP.SP.02.007)",R.IP.SP.02.007,ipcdo:UnifiedRegisterRecordsDetails,ipcdo:UnifiedRegisterRecordsDetails,ipcdo:UnifiedRegisterRecordsDetails,conditional filtering of repeated instances,Inherited Table 49 requirement remains engine-unsupported under the authoritative classification.
OP22_GAPS_REVIEWED.csv:294,P.SP.02.MSG.052,REQ 19,"Таблица 70/49, п.19 (R.IP.SP.02.007)",R.IP.SP.02.007,ipcdo:UnifiedRegisterRecordsDetails,ipcdo:UnifiedRegisterRecordsDetails,ipcdo:UnifiedRegisterRecordsDetails,conditional filtering of repeated instances,Inherited Table 49 requirement remains engine-unsupported under the authoritative classification.
OP22_GAPS_REVIEWED.csv:296,P.SP.02.MSG.052,REQ 21,"Таблица 70, п.21 (R.IP.SP.02.007)",R.IP.SP.02.007,ipcdo:UnifiedRegisterRecordsDetails,ipcdo:UnifiedRegisterRecordsDetails,ipcdo:UnifiedRegisterRecordsDetails,typed date comparison,Cross-record typed/date relationship is not representable by current rules engine.
OP22_GAPS_REVIEWED.csv:297,P.SP.02.MSG.052,REQ 22,"Таблица 70, п.22 (R.IP.SP.02.007)",R.IP.SP.02.007,ipcdo:UnifiedRegisterRecordsDetails,ipcdo:UnifiedRegisterRecordsDetails,ipcdo:UnifiedRegisterRecordsDetails,typed date comparison,Cross-record typed/date relationship is not representable by current rules engine.
OP22_GAPS_REVIEWED.csv:298,P.SP.02.MSG.052,REQ 24,"Таблица 70, п.24 (R.IP.SP.02.007)",R.IP.SP.02.007,ipcdo:UnifiedRegisterRecordsDetails,ipcdo:UnifiedRegisterRecordsDetails,ipcdo:UnifiedRegisterRecordsDetails,cross-instance equality,Cross-record equality is not representable by current rules engine.
OP22_GAPS_REVIEWED.csv:306,P.SP.02.MSG.053,REQ 18,"Таблица 71/49, п.18 (R.IP.SP.02.007)",R.IP.SP.02.007,ipcdo:UnifiedRegisterRecordsDetails,ipcdo:UnifiedRegisterRecordsDetails,ipcdo:UnifiedRegisterRecordsDetails,conditional filtering of repeated instances,"Conditional cross-collection dependency: if CollectiveMarkIndicator == 1, IPPartyDetails with kind UE required."
OP22_GAPS_REVIEWED.csv:307,P.SP.02.MSG.053,REQ 19,"Таблица 71/49, п.19 (R.IP.SP.02.007)",R.IP.SP.02.007,ipcdo:UnifiedRegisterRecordsDetails,ipcdo:UnifiedRegisterRecordsDetails,ipcdo:UnifiedRegisterRecordsDetails,conditional filtering of repeated instances,"Conditional cross-collection dependency: if CollectiveMarkIndicator == 1, AccompanyingDocumentsDetails with charter document kind required."
OP22_GAPS_REVIEWED.csv:315,P.SP.02.MSG.055,REQ 7,"Таблица 73, п.7 (R.IP.SP.03.003)",R.IP.SP.03.003,IPDutyDetails,ipcdo:IPPaymentDetails,ipcdo:IPPaymentDetails,cardinality after predicate,"Normative requirement mandates IPPaymentDetails presence AND inclusive OR between BankAccountDetails and PaymentSystemAccountDetails (at least one must be present, both permitted). Engine lacks inclus"
OP22_GAPS_REVIEWED.csv:331,P.SP.02.MSG.061,REQ 16,"Таблица 80/44, п.16 (R.IP.SP.02.002)",R.IP.SP.02.002,ipcdo:TrademarkApplicationDetails,@nameRepresentationKindCode,ipcdo:TrademarkApplicationDetails/ipcdo:IPPartyDetails/ipsdo:IPSubjectName/@nameRepresentationKindCode,disjunction,No safe exact evaluator expression.
OP22_GAPS_REVIEWED.csv:332,P.SP.02.MSG.061,REQ 17,"Таблица 80/44, п.17 (R.IP.SP.02.002)",R.IP.SP.02.002,ipcdo:TrademarkApplicationDetails,@nameRepresentationKindCode,ipcdo:TrademarkApplicationDetails/ipcdo:IPPartyDetails/ccdo:SubjectAddressDetails/csdo:CityName/@nameRepresentationKindCode,disjunction,No safe exact evaluator expression.
OP22_GAPS_REVIEWED.csv:333,P.SP.02.MSG.061,REQ 18,"Таблица 80/44, п.18 (R.IP.SP.02.002)",R.IP.SP.02.002,ipcdo:TrademarkApplicationDetails,@nameRepresentationKindCode,ipcdo:TrademarkApplicationDetails/ipcdo:IPPartyDetails/ccdo:SubjectAddressDetails/csdo:StreetName/@nameRepresentationKindCode,positional/ordinal access,No safe exact evaluator expression.
OP22_GAPS_REVIEWED.csv:334,P.SP.02.MSG.061,REQ 19,"Таблица 80/44, п.19 (R.IP.SP.02.002)",R.IP.SP.02.002,ipcdo:TrademarkApplicationDetails,@nameRepresentationKindCode,ipcdo:TrademarkApplicationDetails/ipcdo:IPPartyDetails/ccdo:SubjectAddressDetails/csdo:BuildingNumberId/@nameRepresentationKindCode,positional/ordinal access,No safe exact evaluator expression.
OP22_GAPS_REVIEWED.csv:335,P.SP.02.MSG.061,REQ 20,"Таблица 80/44, п.20 (R.IP.SP.02.002)",R.IP.SP.02.002,ipcdo:TrademarkApplicationDetails,ccdo:CommunicationDetails,ipcdo:TrademarkApplicationDetails/ipcdo:IPPartyDetails/ccdo:CommunicationDetails,disjunction,No safe exact evaluator expression.
OP22_GAPS_REVIEWED.csv:340,P.SP.02.MSG.062,REQ 18,"Таблица 81/44/34, п.18 (R.IP.SP.02.002)",R.IP.SP.02.002,ipcdo:TrademarkApplicationDetails,ipcdo:TrademarkApplicationDetails,ipcdo:TrademarkApplicationDetails,positional/ordinal access,Inherited Table 81 -> Table 44 -> Table 34 rule 18.
OP22_GAPS_REVIEWED.csv:341,P.SP.02.MSG.062,REQ 19,"Таблица 81/44/34, п.19 (R.IP.SP.02.002)",R.IP.SP.02.002,ipcdo:TrademarkApplicationDetails,ipcdo:TrademarkApplicationDetails,ipcdo:TrademarkApplicationDetails,positional/ordinal access,Inherited Table 81 -> Table 44 -> Table 34 rule 19.
